{
    "AREA_MIN": 1000.0,
    "AREA_MAX": 244022.40107917634,
    "KMEANS_CENTROIDS": [
        [
            0.06638377937923894,
            0.33059650319962625
        ],
        [
            0.5590969691158694,
            0.20628470689904815
        ],
        [
            0.0262492994904275,
            0.7702332575343511
        ]
    ]
}