{
    "AREA_MIN": 1000.0,
    "AREA_MAX": 73396.43171962794,
    "KMEANS_CENTROIDS": [
        [
            0.04349543110111099,
            0.31322960929697063
        ],
        [
            0.037702878255898,
            0.746897041115311
        ],
        [
            0.5221972740143638,
            0.26857718285481286
        ]
    ]
}