{
    "AREA_MIN": 1000.0,
    "AREA_MAX": 73419.01140355472,
    "KMEANS_CENTROIDS": [
        [
            0.04269519747762128,
            0.32363049198766936
        ],
        [
            0.03900401259803411,
            0.7540895464686252
        ],
        [
            0.5221972740162977,
            0.26857718286692267
        ]
    ]
}