{
    "AREA_MIN": 1000.0,
    "AREA_MAX": 244022.40107894188,
    "KMEANS_CENTROIDS": [
        [
            0.06638377937922522,
            0.33059650319924516
        ],
        [
            0.5590969691137034,
            0.2062847068985807
        ],
        [
            0.026249299490480084,
            0.7702332575305011
        ]
    ]
}